K1:[[809.0510514553407, -31.95124040111876, 294.3351144842145], [0.0, 799.0622658907627, 121.14662461108821], [0.0, 0.0, 1.0]]
K2:[[720.8003485775236, 97.67135617073882, 582.1461160349861], [0.0, 776.4393518427025, 57.8895134013959], [0.0, 0.0, 1.0]]
R:[[0.694809790112703, -0.23891484618990033, -0.6783502427460302], [0.3469224691809582, 0.9375570077799409, 0.025132798095537145], [0.629987425224448, -0.2527974553526605, 0.734308716158463]]
R1:[[0.00677693321983297, 0.9458417284519478, -0.32455738767614895], [-0.9408753311120676, 0.1159590415121709, 0.318287781726438], [0.33868522920389094, 0.30321102455321547, 0.8907049961174]]
R2:[[0.024101700029494466, 0.33900963088122443, -0.9404741241658188], [-0.8820750838642778, 0.4499540370807651, 0.13958836248250917], [0.4704919281789167, 0.8262044751055861, 0.30987660581913495]]
t:[139.37646967647376, 59.22936043965976, 187.35983767268183]
t1:[174.32825937158836, 108.86092951237941, 788.4451777437163]
t2:[-343.3239872863222, 252.40015861287057, 814.3719748329457]
P1:[[809.0510514553407, -31.95124040111876, 294.3351144842145, 0.0], [0.0, 799.0622658907627, 121.14662461108821, 0.0], [0.0, 0.0, 1.0, 0.0]]
P2:[[901.4482597046115, -227.80249675385795, -59.0253698723435, 215318.42168767122], [305.8339226057747, 713.3218337567642, 62.02286772810954, 56834.176063663304], [0.629987425224448, -0.2527974553526605, 0.734308716158463, 187.35983767268183]]
pos1:{'pos': (-22.278659362959914, 10.309991684461071, 180.3554636014495), 'nom': None}
pos2:{'pos': (-157.90444502599914, -86.00087983503374, 645.8098762503703), 'nom': 'left'}
